{"cameraMode":{"drawMode":0,"name":"Shaded","section":"Shading Mode"},"sceneLighting":false,"audioPlay":false,"sceneViewState":{"m_AlwaysRefresh":true,"showFog":true,"showSkybox":true,"showFlares":true,"showImageEffects":true,"showParticleSystems":true,"showVisualEffectGraphs":true,"m_FxEnabled":true},"in2DMode":false,"pivot":{"x":0.01936638355255127,"y":3.1380763053894045,"z":-0.5383427143096924},"rotation":{"x":-0.05782223865389824,"y":0.9420264959335327,"z":-0.2248559594154358,"w":-0.24224455654621125},"size":2.7113046646118166,"orthographic":false}